"DESCRIPTION","DURATION IN MS","NAME","PARENT SUITE","START TIME","STATUS","STOP TIME","SUB SUITE","SUITE","TEST CLASS","TEST METHOD"
"","295","Test failed results for Locale NZ in int Einvironment and Realm asia","Chrome","2026-09-28","failed","2026-09-28","","failedTest.spec.js","",""
"","340","Test failed results for Locale DE in int Einvironment and Realm europe","Chrome","2026-09-28","failed","2026-09-28","","failedTest.spec.js","",""
"","4130","Go home page KO for Locale US in int Einvironment and Realm america","Chrome","2026-09-28","passed","2026-09-28","","homeNP.spec.js","",""
"","325","Testvars for Locale NZ in int Einvironment and Realm asia","Chrome","2026-09-28","failed","2026-09-28","","variables.spec.js","",""
"","1853","GO HOME PAGE OK for Locale JP in int Einvironment and Realm asia","Chrome","2026-09-28","passed","2026-09-28","","home.spec.js","",""
"","299","Testvars for Locale GB in int Einvironment and Realm europe","Chrome","2026-09-28","failed","2026-09-28","","variables.spec.js","",""
"","33376","GO HOME PAGE OK for Locale DE in int Einvironment and Realm europe","Chrome","2026-09-28","broken","2026-09-28","","home.spec.js","",""
"","33658","Go home page KO for Locale DE in int Einvironment and Realm europe","Chrome","2026-09-28","broken","2026-09-28","","homeNP.spec.js","",""
"","4135","Go home page KO for Locale CA in int Einvironment and Realm america","Chrome","2026-09-28","passed","2026-09-28","","homeNP.spec.js","",""
"","1917","Go home page KO for Locale JP in int Einvironment and Realm asia","Chrome","2026-09-28","passed","2026-09-28","","homeNP.spec.js","",""
"","374","Test failed results for Locale CA in int Einvironment and Realm america","Chrome","2026-09-28","failed","2026-09-28","","failedTest.spec.js","",""
"","949","Testvars for Locale DE in int Einvironment and Realm europe","Chrome","2026-09-28","failed","2026-09-28","","variables.spec.js","",""
"","6525","GO HOME PAGE OK for Locale GB in int Einvironment and Realm europe","Chrome","2026-09-28","passed","2026-09-28","","home.spec.js","",""
"","1771","Go home page KO for Locale NZ in int Einvironment and Realm asia","Chrome","2026-09-28","passed","2026-09-28","","homeNP.spec.js","",""
"","371","Testvars for Locale CA in int Einvironment and Realm america","Chrome","2026-09-28","failed","2026-09-28","","variables.spec.js","",""
"","34273","Go home page KO for Locale GB in int Einvironment and Realm europe","Chrome","2026-09-28","broken","2026-09-28","","homeNP.spec.js","",""
"","308","Test failed results for Locale JP in int Einvironment and Realm asia","Chrome","2026-09-28","failed","2026-09-28","","failedTest.spec.js","",""
"","303","Testvars for Locale US in int Einvironment and Realm america","Chrome","2026-09-28","failed","2026-09-28","","variables.spec.js","",""
"","356","Testvars for Locale JP in int Einvironment and Realm asia","Chrome","2026-09-28","failed","2026-09-28","","variables.spec.js","",""
"","1851","GO HOME PAGE OK for Locale NZ in int Einvironment and Realm asia","Chrome","2026-09-28","passed","2026-09-28","","home.spec.js","",""
"","301","Test failed results for Locale US in int Einvironment and Realm america","Chrome","2026-09-28","failed","2026-09-28","","failedTest.spec.js","",""
"","4175","GO HOME PAGE OK for Locale US in int Einvironment and Realm america","Chrome","2026-09-28","passed","2026-09-28","","home.spec.js","",""
"","3640","GO HOME PAGE OK for Locale CA in int Einvironment and Realm america","Chrome","2026-09-28","passed","2026-09-28","","home.spec.js","",""
"","720","Test failed results for Locale GB in int Einvironment and Realm europe","Chrome","2026-09-28","failed","2026-09-28","","failedTest.spec.js","",""
